[
  {
    "veiculo": {
      "marca": "Fiat",
      "modelo": "Argo",
      "ano": 2020,
      "quilometragem": 12097,
      "combustiveisAceitos": [
        "Gasolina",
        "Alcool"
      ],
      "modificacoes": ""
    },
    "condutor": {
      "estilo": "Figurante",
      "ruas": "Cheia de Buracos",
      "frequencia": "Nunca",
      "estado": "SP",
      "cidade": "Sorocaba"
    },
    "count": 15,
    "avgEfficiency": {
      "gasolina": 13.8,
      "alcool": 13.5
    }
  },
  {
    "veiculo": {
      "marca": "Fiat",
      "modelo": "Argo",
      "ano": 2023,
      "quilometragem": 70512,
      "combustiveisAceitos": [
        "Gasolina",
        "Alcool"
      ],
      "modificacoes": ""
    },
    "condutor": {
      "estilo": "Dona Neusa",
      "ruas": "Cheia de Buracos",
      "frequencia": "baixa",
      "estado": "SP",
      "cidade": "São Paulo"
    },
    "count": 24,
    "avgEfficiency": {
      "gasolina": 11.7,
      "alcool": 10.1
    }
  },
  {
    "veiculo": {
      "marca": "Fiat",
      "modelo": "Argo",
      "ano": 2021,
      "quilometragem": 62763,
      "combustiveisAceitos": [
        "Gasolina",
        "Alcool"
      ],
      "modificacoes": ""
    },
    "condutor": {
      "estilo": "Dona Neusa",
      "ruas": "Bem Asfaltadas",
      "frequencia": "baixa",
      "estado": "SP",
      "cidade": "Votorantim"
    },
    "count": 14,
    "avgEfficiency": {
      "gasolina": 7.2,
      "alcool": 9.7
    }
  },
  {
    "veiculo": {
      "marca": "Fiat",
      "modelo": "Uno",
      "ano": 2016,
      "quilometragem": 95701,
      "combustiveisAceitos": [
        "Gasolina"
      ],
      "modificacoes": ""
    },
    "condutor": {
      "estilo": "Dona Neusa",
      "ruas": "Bem Asfaltadas",
      "frequencia": "baixa",
      "estado": "SP",
      "cidade": "Sorocaba"
    },
    "count": 93,
    "avgEfficiency": {
      "gasolina": 9.9
    }
  },
  {
    "veiculo": {
      "marca": "Fiat",
      "modelo": "Uno",
      "ano": 2017,
      "quilometragem": 51989,
      "combustiveisAceitos": [
        "Gasolina"
      ],
      "modificacoes": ""
    },
    "condutor": {
      "estilo": "Figurante",
      "ruas": "Cheia de Buracos",
      "frequencia": "alta",
      "estado": "SP",
      "cidade": "São Paulo"
    },
    "count": 56,
    "avgEfficiency": {
      "gasolina": 8.8
    }
  },
  {
    "veiculo": {
      "marca": "Fiat",
      "modelo": "Uno",
      "ano": 2022,
      "quilometragem": 96089,
      "combustiveisAceitos": [
        "Gasolina"
      ],
      "modificacoes": ""
    },
    "condutor": {
      "estilo": "Figurante",
      "ruas": "Cheia de Buracos",
      "frequencia": "baixa",
      "estado": "SP",
      "cidade": "Votorantim"
    },
    "count": 33,
    "avgEfficiency": {
      "gasolina": 10.7
    }
  },
  {
    "veiculo": {
      "marca": "Fiat",
      "modelo": "Mobi",
      "ano": 2020,
      "quilometragem": 45706,
      "combustiveisAceitos": [
        "Gasolina",
        "Alcool"
      ],
      "modificacoes": ""
    },
    "condutor": {
      "estilo": "Protagonista",
      "ruas": "Irregulares",
      "frequencia": "alta",
      "estado": "SP",
      "cidade": "Sorocaba"
    },
    "count": 75,
    "avgEfficiency": {
      "gasolina": 12.4,
      "alcool": 7.3
    }
  },
  {
    "veiculo": {
      "marca": "Fiat",
      "modelo": "Mobi",
      "ano": 2024,
      "quilometragem": 46688,
      "combustiveisAceitos": [
        "Gasolina",
        "Alcool"
      ],
      "modificacoes": ""
    },
    "condutor": {
      "estilo": "Dona Neusa",
      "ruas": "Irregulares",
      "frequencia": "media",
      "estado": "SP",
      "cidade": "São Paulo"
    },
    "count": 52,
    "avgEfficiency": {
      "gasolina": 13.8,
      "alcool": 10.0
    }
  },
  {
    "veiculo": {
      "marca": "Fiat",
      "modelo": "Mobi",
      "ano": 2017,
      "quilometragem": 44558,
      "combustiveisAceitos": [
        "Gasolina",
        "Alcool"
      ],
      "modificacoes": ""
    },
    "condutor": {
      "estilo": "Protagonista",
      "ruas": "Cheia de Buracos",
      "frequencia": "baixa",
      "estado": "SP",
      "cidade": "Votorantim"
    },
    "count": 14,
    "avgEfficiency": {
      "gasolina": 13.7,
      "alcool": 7.5
    }
  },
  {
    "veiculo": {
      "marca": "Fiat",
      "modelo": "Toro",
      "ano": 2024,
      "quilometragem": 95566,
      "combustiveisAceitos": [
        "Diesel",
        "Gasolina"
      ],
      "modificacoes": ""
    },
    "condutor": {
      "estilo": "Dona Neusa",
      "ruas": "Cheia de Buracos",
      "frequencia": "media",
      "estado": "SP",
      "cidade": "Sorocaba"
    },
    "count": 47,
    "avgEfficiency": {
      "diesel": 7.3,
      "gasolina": 8.7
    }
  },
  {
    "veiculo": {
      "marca": "Fiat",
      "modelo": "Toro",
      "ano": 2018,
      "quilometragem": 53650,
      "combustiveisAceitos": [
        "Diesel",
        "Gasolina"
      ],
      "modificacoes": ""
    },
    "condutor": {
      "estilo": "Figurante",
      "ruas": "Cheia de Buracos",
      "frequencia": "Nunca",
      "estado": "SP",
      "cidade": "São Paulo"
    },
    "count": 26,
    "avgEfficiency": {
      "diesel": 12.8,
      "gasolina": 11.3
    }
  },
  {
    "veiculo": {
      "marca": "Fiat",
      "modelo": "Toro",
      "ano": 2021,
      "quilometragem": 63229,
      "combustiveisAceitos": [
        "Diesel",
        "Gasolina"
      ],
      "modificacoes": ""
    },
    "condutor": {
      "estilo": "Figurante",
      "ruas": "Bem Asfaltadas",
      "frequencia": "alta",
      "estado": "SP",
      "cidade": "Votorantim"
    },
    "count": 21,
    "avgEfficiency": {
      "diesel": 8.8,
      "gasolina": 9.2
    }
  },
  {
    "veiculo": {
      "marca": "Fiat",
      "modelo": "Pulse",
      "ano": 2025,
      "quilometragem": 91278,
      "combustiveisAceitos": [
        "Gasolina",
        "Alcool"
      ],
      "modificacoes": ""
    },
    "condutor": {
      "estilo": "Dona Neusa",
      "ruas": "Irregulares",
      "frequencia": "baixa",
      "estado": "SP",
      "cidade": "Sorocaba"
    },
    "count": 29,
    "avgEfficiency": {
      "gasolina": 11.1,
      "alcool": 10.9
    }
  },
  {
    "veiculo": {
      "marca": "Fiat",
      "modelo": "Pulse",
      "ano": 2018,
      "quilometragem": 54824,
      "combustiveisAceitos": [
        "Gasolina",
        "Alcool"
      ],
      "modificacoes": ""
    },
    "condutor": {
      "estilo": "Dona Neusa",
      "ruas": "Cheia de Buracos",
      "frequencia": "media",
      "estado": "SP",
      "cidade": "São Paulo"
    },
    "count": 24,
    "avgEfficiency": {
      "gasolina": 11.7,
      "alcool": 10.0
    }
  },
  {
    "veiculo": {
      "marca": "Fiat",
      "modelo": "Pulse",
      "ano": 2022,
      "quilometragem": 93254,
      "combustiveisAceitos": [
        "Gasolina",
        "Alcool"
      ],
      "modificacoes": ""
    },
    "condutor": {
      "estilo": "Figurante",
      "ruas": "Cheia de Buracos",
      "frequencia": "Nunca",
      "estado": "SP",
      "cidade": "Votorantim"
    },
    "count": 92,
    "avgEfficiency": {
      "gasolina": 13.1,
      "alcool": 9.0
    }
  },
  {
    "veiculo": {
      "marca": "Ford",
      "modelo": "Ka",
      "ano": 2019,
      "quilometragem": 58681,
      "combustiveisAceitos": [
        "Gasolina",
        "Alcool"
      ],
      "modificacoes": ""
    },
    "condutor": {
      "estilo": "Dona Neusa",
      "ruas": "Irregulares",
      "frequencia": "baixa",
      "estado": "SP",
      "cidade": "Sorocaba"
    },
    "count": 50,
    "avgEfficiency": {
      "gasolina": 10.2,
      "alcool": 7.1
    }
  },
  {
    "veiculo": {
      "marca": "Ford",
      "modelo": "Ka",
      "ano": 2024,
      "quilometragem": 45033,
      "combustiveisAceitos": [
        "Gasolina",
        "Alcool"
      ],
      "modificacoes": ""
    },
    "condutor": {
      "estilo": "Dona Neusa",
      "ruas": "Bem Asfaltadas",
      "frequencia": "Nunca",
      "estado": "SP",
      "cidade": "São Paulo"
    },
    "count": 91,
    "avgEfficiency": {
      "gasolina": 9.2,
      "alcool": 7.0
    }
  },
  {
    "veiculo": {
      "marca": "Ford",
      "modelo": "Ka",
      "ano": 2020,
      "quilometragem": 19077,
      "combustiveisAceitos": [
        "Gasolina",
        "Alcool"
      ],
      "modificacoes": ""
    },
    "condutor": {
      "estilo": "Figurante",
      "ruas": "Bem Asfaltadas",
      "frequencia": "Nunca",
      "estado": "SP",
      "cidade": "Votorantim"
    },
    "count": 67,
    "avgEfficiency": {
      "gasolina": 7.2,
      "alcool": 13.6
    }
  },
  {
    "veiculo": {
      "marca": "Ford",
      "modelo": "EcoSport",
      "ano": 2025,
      "quilometragem": 95789,
      "combustiveisAceitos": [
        "Gasolina",
        "Alcool"
      ],
      "modificacoes": ""
    },
    "condutor": {
      "estilo": "Figurante",
      "ruas": "Irregulares",
      "frequencia": "media",
      "estado": "SP",
      "cidade": "Sorocaba"
    },
    "count": 100,
    "avgEfficiency": {
      "gasolina": 13.7,
      "alcool": 7.3
    }
  },
  {
    "veiculo": {
      "marca": "Ford",
      "modelo": "EcoSport",
      "ano": 2016,
      "quilometragem": 29317,
      "combustiveisAceitos": [
        "Gasolina",
        "Alcool"
      ],
      "modificacoes": ""
    },
    "condutor": {
      "estilo": "Protagonista",
      "ruas": "Irregulares",
      "frequencia": "alta",
      "estado": "SP",
      "cidade": "São Paulo"
    },
    "count": 20,
    "avgEfficiency": {
      "gasolina": 10.2,
      "alcool": 8.1
    }
  },
  {
    "veiculo": {
      "marca": "Ford",
      "modelo": "EcoSport",
      "ano": 2024,
      "quilometragem": 7706,
      "combustiveisAceitos": [
        "Gasolina",
        "Alcool"
      ],
      "modificacoes": ""
    },
    "condutor": {
      "estilo": "Dona Neusa",
      "ruas": "Cheia de Buracos",
      "frequencia": "Nunca",
      "estado": "SP",
      "cidade": "Votorantim"
    },
    "count": 77,
    "avgEfficiency": {
      "gasolina": 10.2,
      "alcool": 13.7
    }
  },
  {
    "veiculo": {
      "marca": "Ford",
      "modelo": "Fusion",
      "ano": 2023,
      "quilometragem": 97865,
      "combustiveisAceitos": [
        "Gasolina"
      ],
      "modificacoes": ""
    },
    "condutor": {
      "estilo": "Dona Neusa",
      "ruas": "Cheia de Buracos",
      "frequencia": "Nunca",
      "estado": "SP",
      "cidade": "Sorocaba"
    },
    "count": 54,
    "avgEfficiency": {
      "gasolina": 12.0
    }
  },
  {
    "veiculo": {
      "marca": "Ford",
      "modelo": "Fusion",
      "ano": 2016,
      "quilometragem": 37866,
      "combustiveisAceitos": [
        "Gasolina"
      ],
      "modificacoes": ""
    },
    "condutor": {
      "estilo": "Figurante",
      "ruas": "Irregulares",
      "frequencia": "media",
      "estado": "SP",
      "cidade": "São Paulo"
    },
    "count": 79,
    "avgEfficiency": {
      "gasolina": 9.9
    }
  },
  {
    "veiculo": {
      "marca": "Ford",
      "modelo": "Fusion",
      "ano": 2022,
      "quilometragem": 20623,
      "combustiveisAceitos": [
        "Gasolina"
      ],
      "modificacoes": ""
    },
    "condutor": {
      "estilo": "Figurante",
      "ruas": "Bem Asfaltadas",
      "frequencia": "alta",
      "estado": "SP",
      "cidade": "Votorantim"
    },
    "count": 15,
    "avgEfficiency": {
      "gasolina": 10.1
    }
  },
  {
    "veiculo": {
      "marca": "Ford",
      "modelo": "Ranger",
      "ano": 2020,
      "quilometragem": 22977,
      "combustiveisAceitos": [
        "Diesel",
        "Gasolina"
      ],
      "modificacoes": ""
    },
    "condutor": {
      "estilo": "Figurante",
      "ruas": "Cheia de Buracos",
      "frequencia": "media",
      "estado": "SP",
      "cidade": "Sorocaba"
    },
    "count": 84,
    "avgEfficiency": {
      "diesel": 12.5,
      "gasolina": 8.9
    }
  },
  {
    "veiculo": {
      "marca": "Ford",
      "modelo": "Ranger",
      "ano": 2022,
      "quilometragem": 64675,
      "combustiveisAceitos": [
        "Diesel",
        "Gasolina"
      ],
      "modificacoes": ""
    },
    "condutor": {
      "estilo": "Figurante",
      "ruas": "Irregulares",
      "frequencia": "alta",
      "estado": "SP",
      "cidade": "São Paulo"
    },
    "count": 57,
    "avgEfficiency": {
      "diesel": 7.9,
      "gasolina": 13.2
    }
  },
  {
    "veiculo": {
      "marca": "Ford",
      "modelo": "Ranger",
      "ano": 2019,
      "quilometragem": 71272,
      "combustiveisAceitos": [
        "Diesel",
        "Gasolina"
      ],
      "modificacoes": ""
    },
    "condutor": {
      "estilo": "Dona Neusa",
      "ruas": "Bem Asfaltadas",
      "frequencia": "alta",
      "estado": "SP",
      "cidade": "Votorantim"
    },
    "count": 26,
    "avgEfficiency": {
      "diesel": 10.8,
      "gasolina": 10.5
    }
  },
  {
    "veiculo": {
      "marca": "Volkswagen",
      "modelo": "Gol",
      "ano": 2016,
      "quilometragem": 32009,
      "combustiveisAceitos": [
        "Gasolina",
        "Alcool"
      ],
      "modificacoes": ""
    },
    "condutor": {
      "estilo": "Protagonista",
      "ruas": "Irregulares",
      "frequencia": "Nunca",
      "estado": "SP",
      "cidade": "Sorocaba"
    },
    "count": 65,
    "avgEfficiency": {
      "gasolina": 11.1,
      "alcool": 7.7
    }
  },
  {
    "veiculo": {
      "marca": "Volkswagen",
      "modelo": "Gol",
      "ano": 2022,
      "quilometragem": 79854,
      "combustiveisAceitos": [
        "Gasolina",
        "Alcool"
      ],
      "modificacoes": ""
    },
    "condutor": {
      "estilo": "Figurante",
      "ruas": "Bem Asfaltadas",
      "frequencia": "baixa",
      "estado": "SP",
      "cidade": "São Paulo"
    },
    "count": 51,
    "avgEfficiency": {
      "gasolina": 7.0,
      "alcool": 10.4
    }
  },
  {
    "veiculo": {
      "marca": "Volkswagen",
      "modelo": "Gol",
      "ano": 2023,
      "quilometragem": 99650,
      "combustiveisAceitos": [
        "Gasolina",
        "Alcool"
      ],
      "modificacoes": ""
    },
    "condutor": {
      "estilo": "Figurante",
      "ruas": "Bem Asfaltadas",
      "frequencia": "Nunca",
      "estado": "SP",
      "cidade": "Votorantim"
    },
    "count": 60,
    "avgEfficiency": {
      "gasolina": 7.4,
      "alcool": 12.7
    }
  },
  {
    "veiculo": {
      "marca": "Volkswagen",
      "modelo": "Polo",
      "ano": 2023,
      "quilometragem": 98683,
      "combustiveisAceitos": [
        "Gasolina",
        "Alcool"
      ],
      "modificacoes": ""
    },
    "condutor": {
      "estilo": "Figurante",
      "ruas": "Bem Asfaltadas",
      "frequencia": "alta",
      "estado": "SP",
      "cidade": "Sorocaba"
    },
    "count": 25,
    "avgEfficiency": {
      "gasolina": 11.4,
      "alcool": 11.2
    }
  },
  {
    "veiculo": {
      "marca": "Volkswagen",
      "modelo": "Polo",
      "ano": 2019,
      "quilometragem": 85281,
      "combustiveisAceitos": [
        "Gasolina",
        "Alcool"
      ],
      "modificacoes": ""
    },
    "condutor": {
      "estilo": "Protagonista",
      "ruas": "Irregulares",
      "frequencia": "alta",
      "estado": "SP",
      "cidade": "São Paulo"
    },
    "count": 53,
    "avgEfficiency": {
      "gasolina": 9.9,
      "alcool": 7.9
    }
  },
  {
    "veiculo": {
      "marca": "Volkswagen",
      "modelo": "Polo",
      "ano": 2018,
      "quilometragem": 94046,
      "combustiveisAceitos": [
        "Gasolina",
        "Alcool"
      ],
      "modificacoes": ""
    },
    "condutor": {
      "estilo": "Protagonista",
      "ruas": "Bem Asfaltadas",
      "frequencia": "media",
      "estado": "SP",
      "cidade": "Votorantim"
    },
    "count": 13,
    "avgEfficiency": {
      "gasolina": 9.0,
      "alcool": 8.4
    }
  },
  {
    "veiculo": {
      "marca": "Volkswagen",
      "modelo": "Virtus",
      "ano": 2024,
      "quilometragem": 55759,
      "combustiveisAceitos": [
        "Gasolina",
        "Alcool"
      ],
      "modificacoes": ""
    },
    "condutor": {
      "estilo": "Protagonista",
      "ruas": "Bem Asfaltadas",
      "frequencia": "baixa",
      "estado": "SP",
      "cidade": "Sorocaba"
    },
    "count": 36,
    "avgEfficiency": {
      "gasolina": 11.0,
      "alcool": 12.3
    }
  },
  {
    "veiculo": {
      "marca": "Volkswagen",
      "modelo": "Virtus",
      "ano": 2016,
      "quilometragem": 60071,
      "combustiveisAceitos": [
        "Gasolina",
        "Alcool"
      ],
      "modificacoes": ""
    },
    "condutor": {
      "estilo": "Figurante",
      "ruas": "Irregulares",
      "frequencia": "media",
      "estado": "SP",
      "cidade": "São Paulo"
    },
    "count": 14,
    "avgEfficiency": {
      "gasolina": 11.8,
      "alcool": 10.1
    }
  },
  {
    "veiculo": {
      "marca": "Volkswagen",
      "modelo": "Virtus",
      "ano": 2025,
      "quilometragem": 52681,
      "combustiveisAceitos": [
        "Gasolina",
        "Alcool"
      ],
      "modificacoes": ""
    },
    "condutor": {
      "estilo": "Dona Neusa",
      "ruas": "Cheia de Buracos",
      "frequencia": "baixa",
      "estado": "SP",
      "cidade": "Votorantim"
    },
    "count": 44,
    "avgEfficiency": {
      "gasolina": 12.1,
      "alcool": 13.4
    }
  },
  {
    "veiculo": {
      "marca": "Volkswagen",
      "modelo": "T-Cross",
      "ano": 2025,
      "quilometragem": 29523,
      "combustiveisAceitos": [
        "Gasolina"
      ],
      "modificacoes": ""
    },
    "condutor": {
      "estilo": "Protagonista",
      "ruas": "Cheia de Buracos",
      "frequencia": "baixa",
      "estado": "SP",
      "cidade": "Sorocaba"
    },
    "count": 15,
    "avgEfficiency": {
      "gasolina": 11.9
    }
  },
  {
    "veiculo": {
      "marca": "Volkswagen",
      "modelo": "T-Cross",
      "ano": 2018,
      "quilometragem": 31651,
      "combustiveisAceitos": [
        "Gasolina"
      ],
      "modificacoes": ""
    },
    "condutor": {
      "estilo": "Dona Neusa",
      "ruas": "Bem Asfaltadas",
      "frequencia": "alta",
      "estado": "SP",
      "cidade": "São Paulo"
    },
    "count": 25,
    "avgEfficiency": {
      "gasolina": 12.8
    }
  },
  {
    "veiculo": {
      "marca": "Volkswagen",
      "modelo": "T-Cross",
      "ano": 2023,
      "quilometragem": 74587,
      "combustiveisAceitos": [
        "Gasolina"
      ],
      "modificacoes": ""
    },
    "condutor": {
      "estilo": "Protagonista",
      "ruas": "Bem Asfaltadas",
      "frequencia": "alta",
      "estado": "SP",
      "cidade": "Votorantim"
    },
    "count": 80,
    "avgEfficiency": {
      "gasolina": 8.4
    }
  },
  {
    "veiculo": {
      "marca": "Toyota",
      "modelo": "Corolla",
      "ano": 2022,
      "quilometragem": 82684,
      "combustiveisAceitos": [
        "Gasolina",
        "Alcool"
      ],
      "modificacoes": ""
    },
    "condutor": {
      "estilo": "Figurante",
      "ruas": "Bem Asfaltadas",
      "frequencia": "Nunca",
      "estado": "SP",
      "cidade": "Sorocaba"
    },
    "count": 28,
    "avgEfficiency": {
      "gasolina": 9.4,
      "alcool": 13.5
    }
  },
  {
    "veiculo": {
      "marca": "Toyota",
      "modelo": "Corolla",
      "ano": 2019,
      "quilometragem": 37913,
      "combustiveisAceitos": [
        "Gasolina",
        "Alcool"
      ],
      "modificacoes": ""
    },
    "condutor": {
      "estilo": "Dona Neusa",
      "ruas": "Bem Asfaltadas",
      "frequencia": "media",
      "estado": "SP",
      "cidade": "São Paulo"
    },
    "count": 67,
    "avgEfficiency": {
      "gasolina": 8.3,
      "alcool": 9.8
    }
  },
  {
    "veiculo": {
      "marca": "Toyota",
      "modelo": "Corolla",
      "ano": 2023,
      "quilometragem": 84954,
      "combustiveisAceitos": [
        "Gasolina",
        "Alcool"
      ],
      "modificacoes": ""
    },
    "condutor": {
      "estilo": "Figurante",
      "ruas": "Bem Asfaltadas",
      "frequencia": "alta",
      "estado": "SP",
      "cidade": "Votorantim"
    },
    "count": 33,
    "avgEfficiency": {
      "gasolina": 10.3,
      "alcool": 8.1
    }
  },
  {
    "veiculo": {
      "marca": "Toyota",
      "modelo": "Hilux",
      "ano": 2018,
      "quilometragem": 96937,
      "combustiveisAceitos": [
        "Diesel"
      ],
      "modificacoes": ""
    },
    "condutor": {
      "estilo": "Dona Neusa",
      "ruas": "Irregulares",
      "frequencia": "Nunca",
      "estado": "SP",
      "cidade": "Sorocaba"
    },
    "count": 65,
    "avgEfficiency": {
      "diesel": 8.4
    }
  },
  {
    "veiculo": {
      "marca": "Toyota",
      "modelo": "Hilux",
      "ano": 2021,
      "quilometragem": 10859,
      "combustiveisAceitos": [
        "Diesel"
      ],
      "modificacoes": ""
    },
    "condutor": {
      "estilo": "Dona Neusa",
      "ruas": "Irregulares",
      "frequencia": "Nunca",
      "estado": "SP",
      "cidade": "São Paulo"
    },
    "count": 53,
    "avgEfficiency": {
      "diesel": 9.0
    }
  },
  {
    "veiculo": {
      "marca": "Toyota",
      "modelo": "Hilux",
      "ano": 2023,
      "quilometragem": 95049,
      "combustiveisAceitos": [
        "Diesel"
      ],
      "modificacoes": ""
    },
    "condutor": {
      "estilo": "Figurante",
      "ruas": "Cheia de Buracos",
      "frequencia": "Nunca",
      "estado": "SP",
      "cidade": "Votorantim"
    },
    "count": 71,
    "avgEfficiency": {
      "diesel": 10.8
    }
  },
  {
    "veiculo": {
      "marca": "Toyota",
      "modelo": "Yaris",
      "ano": 2021,
      "quilometragem": 79584,
      "combustiveisAceitos": [
        "Gasolina",
        "Alcool"
      ],
      "modificacoes": ""
    },
    "condutor": {
      "estilo": "Dona Neusa",
      "ruas": "Irregulares",
      "frequencia": "baixa",
      "estado": "SP",
      "cidade": "Sorocaba"
    },
    "count": 44,
    "avgEfficiency": {
      "gasolina": 9.9,
      "alcool": 10.3
    }
  },
  {
    "veiculo": {
      "marca": "Toyota",
      "modelo": "Yaris",
      "ano": 2024,
      "quilometragem": 94294,
      "combustiveisAceitos": [
        "Gasolina",
        "Alcool"
      ],
      "modificacoes": ""
    },
    "condutor": {
      "estilo": "Protagonista",
      "ruas": "Cheia de Buracos",
      "frequencia": "Nunca",
      "estado": "SP",
      "cidade": "São Paulo"
    },
    "count": 66,
    "avgEfficiency": {
      "gasolina": 10.5,
      "alcool": 8.6
    }
  },
  {
    "veiculo": {
      "marca": "Toyota",
      "modelo": "Yaris",
      "ano": 2025,
      "quilometragem": 24259,
      "combustiveisAceitos": [
        "Gasolina",
        "Alcool"
      ],
      "modificacoes": ""
    },
    "condutor": {
      "estilo": "Figurante",
      "ruas": "Irregulares",
      "frequencia": "Nunca",
      "estado": "SP",
      "cidade": "Votorantim"
    },
    "count": 42,
    "avgEfficiency": {
      "gasolina": 10.6,
      "alcool": 9.9
    }
  },
  {
    "veiculo": {
      "marca": "Toyota",
      "modelo": "Etios",
      "ano": 2018,
      "quilometragem": 68688,
      "combustiveisAceitos": [
        "Gasolina",
        "Alcool"
      ],
      "modificacoes": ""
    },
    "condutor": {
      "estilo": "Figurante",
      "ruas": "Cheia de Buracos",
      "frequencia": "baixa",
      "estado": "SP",
      "cidade": "Sorocaba"
    },
    "count": 13,
    "avgEfficiency": {
      "gasolina": 8.6,
      "alcool": 13.6
    }
  },
  {
    "veiculo": {
      "marca": "Toyota",
      "modelo": "Etios",
      "ano": 2024,
      "quilometragem": 50928,
      "combustiveisAceitos": [
        "Gasolina",
        "Alcool"
      ],
      "modificacoes": ""
    },
    "condutor": {
      "estilo": "Protagonista",
      "ruas": "Irregulares",
      "frequencia": "baixa",
      "estado": "SP",
      "cidade": "São Paulo"
    },
    "count": 64,
    "avgEfficiency": {
      "gasolina": 12.6,
      "alcool": 13.4
    }
  },
  {
    "veiculo": {
      "marca": "Toyota",
      "modelo": "Etios",
      "ano": 2019,
      "quilometragem": 55020,
      "combustiveisAceitos": [
        "Gasolina",
        "Alcool"
      ],
      "modificacoes": ""
    },
    "condutor": {
      "estilo": "Figurante",
      "ruas": "Irregulares",
      "frequencia": "alta",
      "estado": "SP",
      "cidade": "Votorantim"
    },
    "count": 93,
    "avgEfficiency": {
      "gasolina": 10.4,
      "alcool": 13.6
    }
  },
  {
    "veiculo": {
      "marca": "Chevrolet",
      "modelo": "Onix",
      "ano": 2019,
      "quilometragem": 74765,
      "combustiveisAceitos": [
        "Gasolina",
        "Alcool"
      ],
      "modificacoes": ""
    },
    "condutor": {
      "estilo": "Dona Neusa",
      "ruas": "Cheia de Buracos",
      "frequencia": "Nunca",
      "estado": "SP",
      "cidade": "Sorocaba"
    },
    "count": 16,
    "avgEfficiency": {
      "gasolina": 10.3,
      "alcool": 8.8
    }
  },
  {
    "veiculo": {
      "marca": "Chevrolet",
      "modelo": "Onix",
      "ano": 2025,
      "quilometragem": 64775,
      "combustiveisAceitos": [
        "Gasolina",
        "Alcool"
      ],
      "modificacoes": ""
    },
    "condutor": {
      "estilo": "Protagonista",
      "ruas": "Irregulares",
      "frequencia": "alta",
      "estado": "SP",
      "cidade": "São Paulo"
    },
    "count": 42,
    "avgEfficiency": {
      "gasolina": 9.4,
      "alcool": 10.4
    }
  },
  {
    "veiculo": {
      "marca": "Chevrolet",
      "modelo": "Onix",
      "ano": 2017,
      "quilometragem": 28411,
      "combustiveisAceitos": [
        "Gasolina",
        "Alcool"
      ],
      "modificacoes": ""
    },
    "condutor": {
      "estilo": "Protagonista",
      "ruas": "Bem Asfaltadas",
      "frequencia": "baixa",
      "estado": "SP",
      "cidade": "Votorantim"
    },
    "count": 100,
    "avgEfficiency": {
      "gasolina": 8.4,
      "alcool": 11.0
    }
  },
  {
    "veiculo": {
      "marca": "Chevrolet",
      "modelo": "S10",
      "ano": 2016,
      "quilometragem": 79528,
      "combustiveisAceitos": [
        "Diesel"
      ],
      "modificacoes": ""
    },
    "condutor": {
      "estilo": "Figurante",
      "ruas": "Bem Asfaltadas",
      "frequencia": "alta",
      "estado": "SP",
      "cidade": "Sorocaba"
    },
    "count": 90,
    "avgEfficiency": {
      "diesel": 13.2
    }
  },
  {
    "veiculo": {
      "marca": "Chevrolet",
      "modelo": "S10",
      "ano": 2017,
      "quilometragem": 52920,
      "combustiveisAceitos": [
        "Diesel"
      ],
      "modificacoes": ""
    },
    "condutor": {
      "estilo": "Dona Neusa",
      "ruas": "Irregulares",
      "frequencia": "alta",
      "estado": "SP",
      "cidade": "São Paulo"
    },
    "count": 99,
    "avgEfficiency": {
      "diesel": 11.5
    }
  },
  {
    "veiculo": {
      "marca": "Chevrolet",
      "modelo": "S10",
      "ano": 2019,
      "quilometragem": 88299,
      "combustiveisAceitos": [
        "Diesel"
      ],
      "modificacoes": ""
    },
    "condutor": {
      "estilo": "Protagonista",
      "ruas": "Irregulares",
      "frequencia": "alta",
      "estado": "SP",
      "cidade": "Votorantim"
    },
    "count": 89,
    "avgEfficiency": {
      "diesel": 7.1
    }
  },
  {
    "veiculo": {
      "marca": "Chevrolet",
      "modelo": "Tracker",
      "ano": 2016,
      "quilometragem": 49766,
      "combustiveisAceitos": [
        "Gasolina"
      ],
      "modificacoes": ""
    },
    "condutor": {
      "estilo": "Figurante",
      "ruas": "Bem Asfaltadas",
      "frequencia": "Nunca",
      "estado": "SP",
      "cidade": "Sorocaba"
    },
    "count": 79,
    "avgEfficiency": {
      "gasolina": 10.5
    }
  },
  {
    "veiculo": {
      "marca": "Chevrolet",
      "modelo": "Tracker",
      "ano": 2018,
      "quilometragem": 94933,
      "combustiveisAceitos": [
        "Gasolina"
      ],
      "modificacoes": ""
    },
    "condutor": {
      "estilo": "Figurante",
      "ruas": "Cheia de Buracos",
      "frequencia": "baixa",
      "estado": "SP",
      "cidade": "São Paulo"
    },
    "count": 42,
    "avgEfficiency": {
      "gasolina": 12.8
    }
  },
  {
    "veiculo": {
      "marca": "Chevrolet",
      "modelo": "Tracker",
      "ano": 2025,
      "quilometragem": 55689,
      "combustiveisAceitos": [
        "Gasolina"
      ],
      "modificacoes": ""
    },
    "condutor": {
      "estilo": "Protagonista",
      "ruas": "Bem Asfaltadas",
      "frequencia": "media",
      "estado": "SP",
      "cidade": "Votorantim"
    },
    "count": 51,
    "avgEfficiency": {
      "gasolina": 11.5
    }
  },
  {
    "veiculo": {
      "marca": "Chevrolet",
      "modelo": "Spin",
      "ano": 2017,
      "quilometragem": 52306,
      "combustiveisAceitos": [
        "Gasolina",
        "Alcool"
      ],
      "modificacoes": ""
    },
    "condutor": {
      "estilo": "Figurante",
      "ruas": "Irregulares",
      "frequencia": "media",
      "estado": "SP",
      "cidade": "Sorocaba"
    },
    "count": 38,
    "avgEfficiency": {
      "gasolina": 13.1,
      "alcool": 10.8
    }
  },
  {
    "veiculo": {
      "marca": "Chevrolet",
      "modelo": "Spin",
      "ano": 2022,
      "quilometragem": 6944,
      "combustiveisAceitos": [
        "Gasolina",
        "Alcool"
      ],
      "modificacoes": ""
    },
    "condutor": {
      "estilo": "Figurante",
      "ruas": "Cheia de Buracos",
      "frequencia": "media",
      "estado": "SP",
      "cidade": "São Paulo"
    },
    "count": 81,
    "avgEfficiency": {
      "gasolina": 10.0,
      "alcool": 11.2
    }
  },
  {
    "veiculo": {
      "marca": "Chevrolet",
      "modelo": "Spin",
      "ano": 2016,
      "quilometragem": 12223,
      "combustiveisAceitos": [
        "Gasolina",
        "Alcool"
      ],
      "modificacoes": ""
    },
    "condutor": {
      "estilo": "Figurante",
      "ruas": "Bem Asfaltadas",
      "frequencia": "Nunca",
      "estado": "SP",
      "cidade": "Votorantim"
    },
    "count": 38,
    "avgEfficiency": {
      "gasolina": 9.2,
      "alcool": 7.2
    }
  },
  {
    "veiculo": {
      "marca": "Renault",
      "modelo": "Kwid",
      "ano": 2019,
      "quilometragem": 68548,
      "combustiveisAceitos": [
        "Gasolina"
      ],
      "modificacoes": ""
    },
    "condutor": {
      "estilo": "Protagonista",
      "ruas": "Cheia de Buracos",
      "frequencia": "Nunca",
      "estado": "SP",
      "cidade": "Sorocaba"
    },
    "count": 96,
    "avgEfficiency": {
      "gasolina": 10.2
    }
  },
  {
    "veiculo": {
      "marca": "Renault",
      "modelo": "Kwid",
      "ano": 2024,
      "quilometragem": 94762,
      "combustiveisAceitos": [
        "Gasolina"
      ],
      "modificacoes": ""
    },
    "condutor": {
      "estilo": "Dona Neusa",
      "ruas": "Cheia de Buracos",
      "frequencia": "alta",
      "estado": "SP",
      "cidade": "São Paulo"
    },
    "count": 66,
    "avgEfficiency": {
      "gasolina": 11.5
    }
  },
  {
    "veiculo": {
      "marca": "Renault",
      "modelo": "Kwid",
      "ano": 2018,
      "quilometragem": 8489,
      "combustiveisAceitos": [
        "Gasolina"
      ],
      "modificacoes": ""
    },
    "condutor": {
      "estilo": "Dona Neusa",
      "ruas": "Irregulares",
      "frequencia": "alta",
      "estado": "SP",
      "cidade": "Votorantim"
    },
    "count": 13,
    "avgEfficiency": {
      "gasolina": 9.2
    }
  },
  {
    "veiculo": {
      "marca": "Renault",
      "modelo": "Duster",
      "ano": 2025,
      "quilometragem": 60013,
      "combustiveisAceitos": [
        "Gasolina",
        "Alcool"
      ],
      "modificacoes": ""
    },
    "condutor": {
      "estilo": "Protagonista",
      "ruas": "Bem Asfaltadas",
      "frequencia": "Nunca",
      "estado": "SP",
      "cidade": "Sorocaba"
    },
    "count": 75,
    "avgEfficiency": {
      "gasolina": 8.3,
      "alcool": 10.7
    }
  },
  {
    "veiculo": {
      "marca": "Renault",
      "modelo": "Duster",
      "ano": 2017,
      "quilometragem": 34234,
      "combustiveisAceitos": [
        "Gasolina",
        "Alcool"
      ],
      "modificacoes": ""
    },
    "condutor": {
      "estilo": "Figurante",
      "ruas": "Bem Asfaltadas",
      "frequencia": "alta",
      "estado": "SP",
      "cidade": "São Paulo"
    },
    "count": 72,
    "avgEfficiency": {
      "gasolina": 7.4,
      "alcool": 11.7
    }
  },
  {
    "veiculo": {
      "marca": "Renault",
      "modelo": "Duster",
      "ano": 2022,
      "quilometragem": 85506,
      "combustiveisAceitos": [
        "Gasolina",
        "Alcool"
      ],
      "modificacoes": ""
    },
    "condutor": {
      "estilo": "Protagonista",
      "ruas": "Cheia de Buracos",
      "frequencia": "baixa",
      "estado": "SP",
      "cidade": "Votorantim"
    },
    "count": 77,
    "avgEfficiency": {
      "gasolina": 10.6,
      "alcool": 10.9
    }
  },
  {
    "veiculo": {
      "marca": "Renault",
      "modelo": "Logan",
      "ano": 2019,
      "quilometragem": 51638,
      "combustiveisAceitos": [
        "Gasolina",
        "Alcool"
      ],
      "modificacoes": ""
    },
    "condutor": {
      "estilo": "Figurante",
      "ruas": "Bem Asfaltadas",
      "frequencia": "alta",
      "estado": "SP",
      "cidade": "Sorocaba"
    },
    "count": 76,
    "avgEfficiency": {
      "gasolina": 10.7,
      "alcool": 8.5
    }
  },
  {
    "veiculo": {
      "marca": "Renault",
      "modelo": "Logan",
      "ano": 2024,
      "quilometragem": 58631,
      "combustiveisAceitos": [
        "Gasolina",
        "Alcool"
      ],
      "modificacoes": ""
    },
    "condutor": {
      "estilo": "Figurante",
      "ruas": "Cheia de Buracos",
      "frequencia": "baixa",
      "estado": "SP",
      "cidade": "São Paulo"
    },
    "count": 91,
    "avgEfficiency": {
      "gasolina": 12.4,
      "alcool": 8.6
    }
  },
  {
    "veiculo": {
      "marca": "Renault",
      "modelo": "Logan",
      "ano": 2018,
      "quilometragem": 55550,
      "combustiveisAceitos": [
        "Gasolina",
        "Alcool"
      ],
      "modificacoes": ""
    },
    "condutor": {
      "estilo": "Protagonista",
      "ruas": "Irregulares",
      "frequencia": "alta",
      "estado": "SP",
      "cidade": "Votorantim"
    },
    "count": 43,
    "avgEfficiency": {
      "gasolina": 10.3,
      "alcool": 8.6
    }
  },
  {
    "veiculo": {
      "marca": "Renault",
      "modelo": "Sandero",
      "ano": 2024,
      "quilometragem": 10478,
      "combustiveisAceitos": [
        "Gasolina",
        "Alcool"
      ],
      "modificacoes": ""
    },
    "condutor": {
      "estilo": "Protagonista",
      "ruas": "Cheia de Buracos",
      "frequencia": "media",
      "estado": "SP",
      "cidade": "Sorocaba"
    },
    "count": 96,
    "avgEfficiency": {
      "gasolina": 7.7,
      "alcool": 9.8
    }
  },
  {
    "veiculo": {
      "marca": "Renault",
      "modelo": "Sandero",
      "ano": 2020,
      "quilometragem": 21030,
      "combustiveisAceitos": [
        "Gasolina",
        "Alcool"
      ],
      "modificacoes": ""
    },
    "condutor": {
      "estilo": "Protagonista",
      "ruas": "Cheia de Buracos",
      "frequencia": "alta",
      "estado": "SP",
      "cidade": "São Paulo"
    },
    "count": 38,
    "avgEfficiency": {
      "gasolina": 10.4,
      "alcool": 8.2
    }
  },
  {
    "veiculo": {
      "marca": "Renault",
      "modelo": "Sandero",
      "ano": 2019,
      "quilometragem": 94548,
      "combustiveisAceitos": [
        "Gasolina",
        "Alcool"
      ],
      "modificacoes": ""
    },
    "condutor": {
      "estilo": "Dona Neusa",
      "ruas": "Bem Asfaltadas",
      "frequencia": "alta",
      "estado": "SP",
      "cidade": "Votorantim"
    },
    "count": 56,
    "avgEfficiency": {
      "gasolina": 12.2,
      "alcool": 7.2
    }
  },
  {
    "veiculo": {
      "marca": "Hyundai",
      "modelo": "HB20",
      "ano": 2024,
      "quilometragem": 7845,
      "combustiveisAceitos": [
        "Gasolina",
        "Alcool"
      ],
      "modificacoes": ""
    },
    "condutor": {
      "estilo": "Dona Neusa",
      "ruas": "Cheia de Buracos",
      "frequencia": "media",
      "estado": "SP",
      "cidade": "Sorocaba"
    },
    "count": 47,
    "avgEfficiency": {
      "gasolina": 12.6,
      "alcool": 8.4
    }
  },
  {
    "veiculo": {
      "marca": "Hyundai",
      "modelo": "HB20",
      "ano": 2025,
      "quilometragem": 62850,
      "combustiveisAceitos": [
        "Gasolina",
        "Alcool"
      ],
      "modificacoes": ""
    },
    "condutor": {
      "estilo": "Protagonista",
      "ruas": "Bem Asfaltadas",
      "frequencia": "alta",
      "estado": "SP",
      "cidade": "São Paulo"
    },
    "count": 11,
    "avgEfficiency": {
      "gasolina": 13.3,
      "alcool": 7.7
    }
  },
  {
    "veiculo": {
      "marca": "Hyundai",
      "modelo": "HB20",
      "ano": 2017,
      "quilometragem": 45822,
      "combustiveisAceitos": [
        "Gasolina",
        "Alcool"
      ],
      "modificacoes": ""
    },
    "condutor": {
      "estilo": "Protagonista",
      "ruas": "Irregulares",
      "frequencia": "baixa",
      "estado": "SP",
      "cidade": "Votorantim"
    },
    "count": 98,
    "avgEfficiency": {
      "gasolina": 8.7,
      "alcool": 11.6
    }
  },
  {
    "veiculo": {
      "marca": "Hyundai",
      "modelo": "Creta",
      "ano": 2025,
      "quilometragem": 87790,
      "combustiveisAceitos": [
        "Gasolina"
      ],
      "modificacoes": ""
    },
    "condutor": {
      "estilo": "Dona Neusa",
      "ruas": "Cheia de Buracos",
      "frequencia": "media",
      "estado": "SP",
      "cidade": "Sorocaba"
    },
    "count": 100,
    "avgEfficiency": {
      "gasolina": 13.0
    }
  },
  {
    "veiculo": {
      "marca": "Hyundai",
      "modelo": "Creta",
      "ano": 2017,
      "quilometragem": 82270,
      "combustiveisAceitos": [
        "Gasolina"
      ],
      "modificacoes": ""
    },
    "condutor": {
      "estilo": "Protagonista",
      "ruas": "Cheia de Buracos",
      "frequencia": "alta",
      "estado": "SP",
      "cidade": "São Paulo"
    },
    "count": 28,
    "avgEfficiency": {
      "gasolina": 7.8
    }
  },
  {
    "veiculo": {
      "marca": "Hyundai",
      "modelo": "Creta",
      "ano": 2016,
      "quilometragem": 21414,
      "combustiveisAceitos": [
        "Gasolina"
      ],
      "modificacoes": ""
    },
    "condutor": {
      "estilo": "Protagonista",
      "ruas": "Irregulares",
      "frequencia": "baixa",
      "estado": "SP",
      "cidade": "Votorantim"
    },
    "count": 54,
    "avgEfficiency": {
      "gasolina": 9.6
    }
  },
  {
    "veiculo": {
      "marca": "Hyundai",
      "modelo": "Tucson",
      "ano": 2024,
      "quilometragem": 92875,
      "combustiveisAceitos": [
        "Gasolina",
        "Diesel"
      ],
      "modificacoes": ""
    },
    "condutor": {
      "estilo": "Protagonista",
      "ruas": "Bem Asfaltadas",
      "frequencia": "baixa",
      "estado": "SP",
      "cidade": "Sorocaba"
    },
    "count": 41,
    "avgEfficiency": {
      "gasolina": 7.7,
      "diesel": 7.2
    }
  },
  {
    "veiculo": {
      "marca": "Hyundai",
      "modelo": "Tucson",
      "ano": 2017,
      "quilometragem": 85066,
      "combustiveisAceitos": [
        "Gasolina",
        "Diesel"
      ],
      "modificacoes": ""
    },
    "condutor": {
      "estilo": "Dona Neusa",
      "ruas": "Bem Asfaltadas",
      "frequencia": "alta",
      "estado": "SP",
      "cidade": "São Paulo"
    },
    "count": 48,
    "avgEfficiency": {
      "gasolina": 9.4,
      "diesel": 9.5
    }
  },
  {
    "veiculo": {
      "marca": "Hyundai",
      "modelo": "Tucson",
      "ano": 2022,
      "quilometragem": 11551,
      "combustiveisAceitos": [
        "Gasolina",
        "Diesel"
      ],
      "modificacoes": ""
    },
    "condutor": {
      "estilo": "Figurante",
      "ruas": "Bem Asfaltadas",
      "frequencia": "Nunca",
      "estado": "SP",
      "cidade": "Votorantim"
    },
    "count": 65,
    "avgEfficiency": {
      "gasolina": 11.0,
      "diesel": 11.1
    }
  },
  {
    "veiculo": {
      "marca": "Hyundai",
      "modelo": "i30",
      "ano": 2018,
      "quilometragem": 61718,
      "combustiveisAceitos": [
        "Gasolina"
      ],
      "modificacoes": ""
    },
    "condutor": {
      "estilo": "Dona Neusa",
      "ruas": "Irregulares",
      "frequencia": "baixa",
      "estado": "SP",
      "cidade": "Sorocaba"
    },
    "count": 33,
    "avgEfficiency": {
      "gasolina": 10.2
    }
  },
  {
    "veiculo": {
      "marca": "Hyundai",
      "modelo": "i30",
      "ano": 2019,
      "quilometragem": 41029,
      "combustiveisAceitos": [
        "Gasolina"
      ],
      "modificacoes": ""
    },
    "condutor": {
      "estilo": "Dona Neusa",
      "ruas": "Irregulares",
      "frequencia": "media",
      "estado": "SP",
      "cidade": "São Paulo"
    },
    "count": 43,
    "avgEfficiency": {
      "gasolina": 7.7
    }
  },
  {
    "veiculo": {
      "marca": "Hyundai",
      "modelo": "i30",
      "ano": 2017,
      "quilometragem": 93819,
      "combustiveisAceitos": [
        "Gasolina"
      ],
      "modificacoes": ""
    },
    "condutor": {
      "estilo": "Protagonista",
      "ruas": "Cheia de Buracos",
      "frequencia": "media",
      "estado": "SP",
      "cidade": "Votorantim"
    },
    "count": 86,
    "avgEfficiency": {
      "gasolina": 11.0
    }
  },
  {
    "veiculo": {
      "marca": "Honda",
      "modelo": "Civic",
      "ano": 2021,
      "quilometragem": 41458,
      "combustiveisAceitos": [
        "Gasolina"
      ],
      "modificacoes": ""
    },
    "condutor": {
      "estilo": "Protagonista",
      "ruas": "Cheia de Buracos",
      "frequencia": "baixa",
      "estado": "SP",
      "cidade": "Sorocaba"
    },
    "count": 28,
    "avgEfficiency": {
      "gasolina": 11.2
    }
  },
  {
    "veiculo": {
      "marca": "Honda",
      "modelo": "Civic",
      "ano": 2020,
      "quilometragem": 91335,
      "combustiveisAceitos": [
        "Gasolina"
      ],
      "modificacoes": ""
    },
    "condutor": {
      "estilo": "Protagonista",
      "ruas": "Bem Asfaltadas",
      "frequencia": "baixa",
      "estado": "SP",
      "cidade": "São Paulo"
    },
    "count": 100,
    "avgEfficiency": {
      "gasolina": 13.6
    }
  },
  {
    "veiculo": {
      "marca": "Honda",
      "modelo": "Civic",
      "ano": 2016,
      "quilometragem": 62328,
      "combustiveisAceitos": [
        "Gasolina"
      ],
      "modificacoes": ""
    },
    "condutor": {
      "estilo": "Protagonista",
      "ruas": "Cheia de Buracos",
      "frequencia": "alta",
      "estado": "SP",
      "cidade": "Votorantim"
    },
    "count": 63,
    "avgEfficiency": {
      "gasolina": 8.4
    }
  },
  {
    "veiculo": {
      "marca": "Honda",
      "modelo": "Fit",
      "ano": 2022,
      "quilometragem": 86176,
      "combustiveisAceitos": [
        "Gasolina",
        "Alcool"
      ],
      "modificacoes": ""
    },
    "condutor": {
      "estilo": "Protagonista",
      "ruas": "Irregulares",
      "frequencia": "baixa",
      "estado": "SP",
      "cidade": "Sorocaba"
    },
    "count": 11,
    "avgEfficiency": {
      "gasolina": 11.7,
      "alcool": 12.7
    }
  },
  {
    "veiculo": {
      "marca": "Honda",
      "modelo": "Fit",
      "ano": 2018,
      "quilometragem": 11009,
      "combustiveisAceitos": [
        "Gasolina",
        "Alcool"
      ],
      "modificacoes": ""
    },
    "condutor": {
      "estilo": "Figurante",
      "ruas": "Bem Asfaltadas",
      "frequencia": "baixa",
      "estado": "SP",
      "cidade": "São Paulo"
    },
    "count": 72,
    "avgEfficiency": {
      "gasolina": 13.0,
      "alcool": 12.1
    }
  },
  {
    "veiculo": {
      "marca": "Honda",
      "modelo": "Fit",
      "ano": 2016,
      "quilometragem": 98555,
      "combustiveisAceitos": [
        "Gasolina",
        "Alcool"
      ],
      "modificacoes": ""
    },
    "condutor": {
      "estilo": "Figurante",
      "ruas": "Cheia de Buracos",
      "frequencia": "alta",
      "estado": "SP",
      "cidade": "Votorantim"
    },
    "count": 10,
    "avgEfficiency": {
      "gasolina": 12.7,
      "alcool": 10.6
    }
  },
  {
    "veiculo": {
      "marca": "Honda",
      "modelo": "HR-V",
      "ano": 2022,
      "quilometragem": 93955,
      "combustiveisAceitos": [
        "Gasolina"
      ],
      "modificacoes": ""
    },
    "condutor": {
      "estilo": "Figurante",
      "ruas": "Irregulares",
      "frequencia": "baixa",
      "estado": "SP",
      "cidade": "Sorocaba"
    },
    "count": 93,
    "avgEfficiency": {
      "gasolina": 7.1
    }
  },
  {
    "veiculo": {
      "marca": "Honda",
      "modelo": "HR-V",
      "ano": 2025,
      "quilometragem": 25433,
      "combustiveisAceitos": [
        "Gasolina"
      ],
      "modificacoes": ""
    },
    "condutor": {
      "estilo": "Figurante",
      "ruas": "Cheia de Buracos",
      "frequencia": "alta",
      "estado": "SP",
      "cidade": "São Paulo"
    },
    "count": 92,
    "avgEfficiency": {
      "gasolina": 13.1
    }
  },
  {
    "veiculo": {
      "marca": "Honda",
      "modelo": "HR-V",
      "ano": 2023,
      "quilometragem": 16907,
      "combustiveisAceitos": [
        "Gasolina"
      ],
      "modificacoes": ""
    },
    "condutor": {
      "estilo": "Figurante",
      "ruas": "Bem Asfaltadas",
      "frequencia": "baixa",
      "estado": "SP",
      "cidade": "Votorantim"
    },
    "count": 49,
    "avgEfficiency": {
      "gasolina": 8.1
    }
  },
  {
    "veiculo": {
      "marca": "Honda",
      "modelo": "City",
      "ano": 2023,
      "quilometragem": 59936,
      "combustiveisAceitos": [
        "Gasolina",
        "Alcool"
      ],
      "modificacoes": ""
    },
    "condutor": {
      "estilo": "Dona Neusa",
      "ruas": "Cheia de Buracos",
      "frequencia": "alta",
      "estado": "SP",
      "cidade": "Sorocaba"
    },
    "count": 25,
    "avgEfficiency": {
      "gasolina": 11.0,
      "alcool": 11.6
    }
  },
  {
    "veiculo": {
      "marca": "Honda",
      "modelo": "City",
      "ano": 2022,
      "quilometragem": 88325,
      "combustiveisAceitos": [
        "Gasolina",
        "Alcool"
      ],
      "modificacoes": ""
    },
    "condutor": {
      "estilo": "Protagonista",
      "ruas": "Bem Asfaltadas",
      "frequencia": "media",
      "estado": "SP",
      "cidade": "São Paulo"
    },
    "count": 10,
    "avgEfficiency": {
      "gasolina": 13.8,
      "alcool": 7.9
    }
  },
  {
    "veiculo": {
      "marca": "Honda",
      "modelo": "City",
      "ano": 2019,
      "quilometragem": 14730,
      "combustiveisAceitos": [
        "Gasolina",
        "Alcool"
      ],
      "modificacoes": ""
    },
    "condutor": {
      "estilo": "Dona Neusa",
      "ruas": "Cheia de Buracos",
      "frequencia": "Nunca",
      "estado": "SP",
      "cidade": "Votorantim"
    },
    "count": 33,
    "avgEfficiency": {
      "gasolina": 9.4,
      "alcool": 10.0
    }
  }
]