{
  "project_info": {
    "project_number": "534438045543",
    "project_id": "drivewise-97728",
    "storage_bucket": "drivewise-97728.firebasestorage.app"
  },
  "client": [
    {
      "client_info": {
        "mobilesdk_app_id": "1:534438045543:android:c6d055e0c959de6a5571c2",
        "android_client_info": {
          "package_name": "com.drivewise.app"
        }
      },
      "oauth_client": [],
      "api_key": [
        {
          "current_key": "AIzaSyBrMm3ep4LRvVmTc4PzIKHKaGmI3GRcxrM"
        }
      ],
      "services": {
        "appinvite_service": {
          "other_platform_oauth_client": []
        }
      }
    }
  ],
  "configuration_version": "1"
}