[{"veiculo": {"marca": "Fiat", "modelo": "Uno", "ano": 2021, "quilometragem": 43772, "combustiveisAceitos": ["Gasolina"], "modificacoes": ""}, "condutor": {"estilo": "Protagonista", "ruas": "Irregulares", "frequencia": "baixa", "estado": "RJ", "cidade": "Sorocaba"}, "count": 75, "avgEfficiency": {"gasolina": 8.8, "alcool": 11.0}},
{"veiculo": {"marca": "Fiat", "modelo": "Uno", "ano": 2021, "quilometragem": 41096, "combustiveisAceitos": ["Alcool", "Gasolina"], "modificacoes": ""}, "condutor": {"estilo": "Dona Neusa", "ruas": "Irregulares", "frequencia": "baixa", "estado": "RS", "cidade": "Sorocaba"}, "count": 56, "avgEfficiency": {"gasolina": 11.2, "alcool": 11.4}},
{"veiculo": {"marca": "Fiat", "modelo": "Argo", "ano": 2021, "quilometragem": 16801, "combustiveisAceitos": ["Alcool", "Diesel"], "modificacoes": ""}, "condutor": {"estilo": "Dona Neusa", "ruas": "Bem Asfaltadas", "frequencia": "Nunca", "estado": "PR", "cidade": "Sorocaba"}, "count": 78, "avgEfficiency": {"gasolina": 14.5, "alcool": 6.8}},
{"veiculo": {"marca": "Fiat", "modelo": "Argo", "ano": 2021, "quilometragem": 79657, "combustiveisAceitos": ["Gasolina", "Alcool"], "modificacoes": ""}, "condutor": {"estilo": "Figurante", "ruas": "Irregulares", "frequencia": "Nunca", "estado": "MG", "cidade": "Sorocaba"}, "count": 87, "avgEfficiency": {"gasolina": 11.3, "alcool": 9.8}},
{"veiculo": {"marca": "Fiat", "modelo": "Toro", "ano": 2021, "quilometragem": 37061, "combustiveisAceitos": ["Alcool"], "modificacoes": ""}, "condutor": {"estilo": "Protagonista", "ruas": "Irregulares", "frequencia": "Nunca", "estado": "PR", "cidade": "Sorocaba"}, "count": 62, "avgEfficiency": {"gasolina": 13.6, "alcool": 6.9}},
{"veiculo": {"marca": "Fiat", "modelo": "Toro", "ano": 2021, "quilometragem": 85068, "combustiveisAceitos": ["Alcool"], "modificacoes": ""}, "condutor": {"estilo": "Figurante", "ruas": "Cheia de Buracos", "frequencia": "media", "estado": "RS", "cidade": "Sorocaba"}, "count": 89, "avgEfficiency": {"gasolina": 12.9, "alcool": 7.4}},
{"veiculo": {"marca": "Fiat", "modelo": "Mobi", "ano": 2021, "quilometragem": 13338, "combustiveisAceitos": ["Gasolina", "Alcool"], "modificacoes": ""}, "condutor": {"estilo": "Dona Neusa", "ruas": "Bem Asfaltadas", "frequencia": "alta", "estado": "RS", "cidade": "Sorocaba"}, "count": 19, "avgEfficiency": {"gasolina": 10.8, "alcool": 11.5}},
{"veiculo": {"marca": "Fiat", "modelo": "Mobi", "ano": 2021, "quilometragem": 68460, "combustiveisAceitos": ["Alcool"], "modificacoes": ""}, "condutor": {"estilo": "Figurante", "ruas": "Bem Asfaltadas", "frequencia": "baixa", "estado": "RS", "cidade": "Sorocaba"}, "count": 80, "avgEfficiency": {"gasolina": 14.8, "alcool": 11.8}},
{"veiculo": {"marca": "Chevrolet", "modelo": "Onix", "ano": 2021, "quilometragem": 36378, "combustiveisAceitos": ["Alcool"], "modificacoes": ""}, "condutor": {"estilo": "Protagonista", "ruas": "Cheia de Buracos", "frequencia": "media", "estado": "BA", "cidade": "Sorocaba"}, "count": 14, "avgEfficiency": {"gasolina": 9.5, "alcool": 9.9}},
{"veiculo": {"marca": "Chevrolet", "modelo": "Onix", "ano": 2021, "quilometragem": 79807, "combustiveisAceitos": ["Diesel"], "modificacoes": ""}, "condutor": {"estilo": "Dona Neusa", "ruas": "Bem Asfaltadas", "frequencia": "baixa", "estado": "MG", "cidade": "Sorocaba"}, "count": 39, "avgEfficiency": {"gasolina": 10.4, "alcool": 11.8}},
{"veiculo": {"marca": "Chevrolet", "modelo": "Tracker", "ano": 2021, "quilometragem": 30774, "combustiveisAceitos": ["Diesel", "Gasolina"], "modificacoes": ""}, "condutor": {"estilo": "Protagonista", "ruas": "Irregulares", "frequencia": "media", "estado": "RS", "cidade": "Sorocaba"}, "count": 27, "avgEfficiency": {"gasolina": 9.4, "alcool": 8.3}},
{"veiculo": {"marca": "Chevrolet", "modelo": "Tracker", "ano": 2021, "quilometragem": 90162, "combustiveisAceitos": ["Diesel", "Gasolina"], "modificacoes": ""}, "condutor": {"estilo": "Dona Neusa", "ruas": "Irregulares", "frequencia": "baixa", "estado": "RS", "cidade": "Sorocaba"}, "count": 41, "avgEfficiency": {"gasolina": 9.9, "alcool": 9.6}},
{"veiculo": {"marca": "Chevrolet", "modelo": "S10", "ano": 2021, "quilometragem": 99287, "combustiveisAceitos": ["Gasolina", "Diesel"], "modificacoes": ""}, "condutor": {"estilo": "Dona Neusa", "ruas": "Cheia de Buracos", "frequencia": "media", "estado": "MG", "cidade": "Sorocaba"}, "count": 8, "avgEfficiency": {"gasolina": 10.6, "alcool": 9.7}},
{"veiculo": {"marca": "Chevrolet", "modelo": "S10", "ano": 2021, "quilometragem": 54985, "combustiveisAceitos": ["Alcool", "Diesel", "Gasolina"], "modificacoes": ""}, "condutor": {"estilo": "Figurante", "ruas": "Bem Asfaltadas", "frequencia": "baixa", "estado": "RJ", "cidade": "Sorocaba"}, "count": 33, "avgEfficiency": {"gasolina": 10.3, "alcool": 8.1}},
{"veiculo": {"marca": "Chevrolet", "modelo": "Spin", "ano": 2021, "quilometragem": 35882, "combustiveisAceitos": ["Diesel", "Gasolina"], "modificacoes": ""}, "condutor": {"estilo": "Dona Neusa", "ruas": "Cheia de Buracos", "frequencia": "baixa", "estado": "PR", "cidade": "Sorocaba"}, "count": 82, "avgEfficiency": {"gasolina": 13.4, "alcool": 6.5}},
{"veiculo": {"marca": "Chevrolet", "modelo": "Spin", "ano": 2021, "quilometragem": 85789, "combustiveisAceitos": ["Diesel", "Alcool"], "modificacoes": ""}, "condutor": {"estilo": "Protagonista", "ruas": "Cheia de Buracos", "frequencia": "media", "estado": "BA", "cidade": "Sorocaba"}, "count": 54, "avgEfficiency": {"gasolina": 10.8, "alcool": 7.7}},
{"veiculo": {"marca": "Volkswagen", "modelo": "Gol", "ano": 2021, "quilometragem": 72398, "combustiveisAceitos": ["Gasolina", "Alcool"], "modificacoes": ""}, "condutor": {"estilo": "Protagonista", "ruas": "Cheia de Buracos", "frequencia": "media", "estado": "RJ", "cidade": "Sorocaba"}, "count": 100, "avgEfficiency": {"gasolina": 14.7, "alcool": 7.1}},
{"veiculo": {"marca": "Volkswagen", "modelo": "Gol", "ano": 2021, "quilometragem": 29685, "combustiveisAceitos": ["Diesel", "Alcool"], "modificacoes": ""}, "condutor": {"estilo": "Protagonista", "ruas": "Bem Asfaltadas", "frequencia": "baixa", "estado": "RS", "cidade": "Sorocaba"}, "count": 81, "avgEfficiency": {"gasolina": 13.3, "alcool": 10.9}},
{"veiculo": {"marca": "Volkswagen", "modelo": "Polo", "ano": 2021, "quilometragem": 20333, "combustiveisAceitos": ["Diesel", "Alcool", "Gasolina"], "modificacoes": ""}, "condutor": {"estilo": "Figurante", "ruas": "Irregulares", "frequencia": "baixa", "estado": "SP", "cidade": "Sorocaba"}, "count": 6, "avgEfficiency": {"gasolina": 13.2, "alcool": 11.9}},
{"veiculo": {"marca": "Volkswagen", "modelo": "Polo", "ano": 2021, "quilometragem": 76916, "combustiveisAceitos": ["Alcool", "Gasolina"], "modificacoes": ""}, "condutor": {"estilo": "Protagonista", "ruas": "Irregulares", "frequencia": "Nunca", "estado": "BA", "cidade": "Sorocaba"}, "count": 7, "avgEfficiency": {"gasolina": 11.8, "alcool": 9.2}},
{"veiculo": {"marca": "Volkswagen", "modelo": "Virtus", "ano": 2021, "quilometragem": 57139, "combustiveisAceitos": ["Alcool", "Gasolina", "Diesel"], "modificacoes": ""}, "condutor": {"estilo": "Dona Neusa", "ruas": "Irregulares", "frequencia": "Nunca", "estado": "RS", "cidade": "Sorocaba"}, "count": 37, "avgEfficiency": {"gasolina": 12.4, "alcool": 8.6}},
{"veiculo": {"marca": "Volkswagen", "modelo": "Virtus", "ano": 2021, "quilometragem": 93127, "combustiveisAceitos": ["Gasolina", "Alcool"], "modificacoes": ""}, "condutor": {"estilo": "Protagonista", "ruas": "Bem Asfaltadas", "frequencia": "Nunca", "estado": "SP", "cidade": "Sorocaba"}, "count": 62, "avgEfficiency": {"gasolina": 8.8, "alcool": 11.8}},
{"veiculo": {"marca": "Volkswagen", "modelo": "T-Cross", "ano": 2021, "quilometragem": 11216, "combustiveisAceitos": ["Diesel", "Alcool"], "modificacoes": ""}, "condutor": {"estilo": "Dona Neusa", "ruas": "Bem Asfaltadas", "frequencia": "Nunca", "estado": "MG", "cidade": "Sorocaba"}, "count": 93, "avgEfficiency": {"gasolina": 14.2, "alcool": 6.7}},
{"veiculo": {"marca": "Volkswagen", "modelo": "T-Cross", "ano": 2021, "quilometragem": 94483, "combustiveisAceitos": ["Gasolina", "Diesel", "Alcool"], "modificacoes": ""}, "condutor": {"estilo": "Dona Neusa", "ruas": "Irregulares", "frequencia": "baixa", "estado": "SP", "cidade": "Sorocaba"}, "count": 33, "avgEfficiency": {"gasolina": 14.1, "alcool": 9.5}},
{"veiculo": {"marca": "Toyota", "modelo": "Corolla", "ano": 2021, "quilometragem": 70123, "combustiveisAceitos": ["Alcool", "Diesel", "Gasolina"], "modificacoes": ""}, "condutor": {"estilo": "Figurante", "ruas": "Irregulares", "frequencia": "Nunca", "estado": "RJ", "cidade": "Sorocaba"}, "count": 7, "avgEfficiency": {"gasolina": 10.8, "alcool": 7.3}},
{"veiculo": {"marca": "Toyota", "modelo": "Corolla", "ano": 2021, "quilometragem": 46155, "combustiveisAceitos": ["Alcool"], "modificacoes": ""}, "condutor": {"estilo": "Dona Neusa", "ruas": "Cheia de Buracos", "frequencia": "media", "estado": "RS", "cidade": "Sorocaba"}, "count": 41, "avgEfficiency": {"gasolina": 8.4, "alcool": 9.3}},
{"veiculo": {"marca": "Toyota", "modelo": "Hilux", "ano": 2021, "quilometragem": 50536, "combustiveisAceitos": ["Gasolina", "Diesel", "Alcool"], "modificacoes": ""}, "condutor": {"estilo": "Dona Neusa", "ruas": "Irregulares", "frequencia": "media", "estado": "SP", "cidade": "Sorocaba"}, "count": 71, "avgEfficiency": {"gasolina": 14.8, "alcool": 8.9}},
{"veiculo": {"marca": "Toyota", "modelo": "Hilux", "ano": 2021, "quilometragem": 23269, "combustiveisAceitos": ["Alcool", "Diesel", "Gasolina"], "modificacoes": ""}, "condutor": {"estilo": "Dona Neusa", "ruas": "Irregulares", "frequencia": "alta", "estado": "MG", "cidade": "Sorocaba"}, "count": 16, "avgEfficiency": {"gasolina": 14.8, "alcool": 7.8}},
{"veiculo": {"marca": "Toyota", "modelo": "Yaris", "ano": 2021, "quilometragem": 47214, "combustiveisAceitos": ["Alcool", "Gasolina"], "modificacoes": ""}, "condutor": {"estilo": "Protagonista", "ruas": "Cheia de Buracos", "frequencia": "baixa", "estado": "PR", "cidade": "Sorocaba"}, "count": 11, "avgEfficiency": {"gasolina": 13.6, "alcool": 9.9}},
{"veiculo": {"marca": "Toyota", "modelo": "Yaris", "ano": 2021, "quilometragem": 97912, "combustiveisAceitos": ["Diesel", "Gasolina", "Alcool"], "modificacoes": ""}, "condutor": {"estilo": "Protagonista", "ruas": "Irregulares", "frequencia": "Nunca", "estado": "BA", "cidade": "Sorocaba"}, "count": 7, "avgEfficiency": {"gasolina": 10.6, "alcool": 7.6}},
{"veiculo": {"marca": "Toyota", "modelo": "Etios", "ano": 2021, "quilometragem": 60108, "combustiveisAceitos": ["Diesel", "Gasolina", "Alcool"], "modificacoes": ""}, "condutor": {"estilo": "Dona Neusa", "ruas": "Cheia de Buracos", "frequencia": "alta", "estado": "RS", "cidade": "Sorocaba"}, "count": 55, "avgEfficiency": {"gasolina": 12.0, "alcool": 11.3}},
{"veiculo": {"marca": "Toyota", "modelo": "Etios", "ano": 2021, "quilometragem": 48362, "combustiveisAceitos": ["Gasolina", "Alcool", "Diesel"], "modificacoes": ""}, "condutor": {"estilo": "Figurante", "ruas": "Cheia de Buracos", "frequencia": "alta", "estado": "RS", "cidade": "Sorocaba"}, "count": 98, "avgEfficiency": {"gasolina": 10.4, "alcool": 7.4}},
{"veiculo": {"marca": "Ford", "modelo": "Ka", "ano": 2021, "quilometragem": 38811, "combustiveisAceitos": ["Diesel", "Alcool"], "modificacoes": ""}, "condutor": {"estilo": "Figurante", "ruas": "Irregulares", "frequencia": "alta", "estado": "RS", "cidade": "Sorocaba"}, "count": 71, "avgEfficiency": {"gasolina": 13.7, "alcool": 6.0}},
{"veiculo": {"marca": "Ford", "modelo": "Ka", "ano": 2021, "quilometragem": 29241, "combustiveisAceitos": ["Gasolina", "Diesel", "Alcool"], "modificacoes": ""}, "condutor": {"estilo": "Dona Neusa", "ruas": "Cheia de Buracos", "frequencia": "alta", "estado": "BA", "cidade": "Sorocaba"}, "count": 67, "avgEfficiency": {"gasolina": 9.0, "alcool": 6.7}},
{"veiculo": {"marca": "Ford", "modelo": "EcoSport", "ano": 2021, "quilometragem": 42469, "combustiveisAceitos": ["Diesel", "Gasolina"], "modificacoes": ""}, "condutor": {"estilo": "Figurante", "ruas": "Cheia de Buracos", "frequencia": "Nunca", "estado": "BA", "cidade": "Sorocaba"}, "count": 95, "avgEfficiency": {"gasolina": 12.6, "alcool": 7.5}},
{"veiculo": {"marca": "Ford", "modelo": "EcoSport", "ano": 2021, "quilometragem": 55630, "combustiveisAceitos": ["Alcool", "Gasolina"], "modificacoes": ""}, "condutor": {"estilo": "Dona Neusa", "ruas": "Cheia de Buracos", "frequencia": "media", "estado": "RS", "cidade": "Sorocaba"}, "count": 22, "avgEfficiency": {"gasolina": 12.9, "alcool": 9.6}},
{"veiculo": {"marca": "Ford", "modelo": "Ranger", "ano": 2021, "quilometragem": 98501, "combustiveisAceitos": ["Diesel", "Gasolina", "Alcool"], "modificacoes": ""}, "condutor": {"estilo": "Figurante", "ruas": "Cheia de Buracos", "frequencia": "Nunca", "estado": "MG", "cidade": "Sorocaba"}, "count": 59, "avgEfficiency": {"gasolina": 8.8, "alcool": 8.7}},
{"veiculo": {"marca": "Ford", "modelo": "Ranger", "ano": 2021, "quilometragem": 73038, "combustiveisAceitos": ["Diesel", "Gasolina", "Alcool"], "modificacoes": ""}, "condutor": {"estilo": "Dona Neusa", "ruas": "Irregulares", "frequencia": "Nunca", "estado": "MG", "cidade": "Sorocaba"}, "count": 68, "avgEfficiency": {"gasolina": 8.7, "alcool": 8.8}},
{"veiculo": {"marca": "Ford", "modelo": "Fusion", "ano": 2021, "quilometragem": 43463, "combustiveisAceitos": ["Gasolina", "Diesel", "Alcool"], "modificacoes": ""}, "condutor": {"estilo": "Dona Neusa", "ruas": "Cheia de Buracos", "frequencia": "media", "estado": "RS", "cidade": "Sorocaba"}, "count": 98, "avgEfficiency": {"gasolina": 10.4, "alcool": 7.7}},
{"veiculo": {"marca": "Ford", "modelo": "Fusion", "ano": 2021, "quilometragem": 48255, "combustiveisAceitos": ["Alcool", "Gasolina"], "modificacoes": ""}, "condutor": {"estilo": "Figurante", "ruas": "Irregulares", "frequencia": "Nunca", "estado": "RS", "cidade": "Sorocaba"}, "count": 80, "avgEfficiency": {"gasolina": 10.3, "alcool": 10.6}},
{"veiculo": {"marca": "Renault", "modelo": "Kwid", "ano": 2021, "quilometragem": 88060, "combustiveisAceitos": ["Gasolina", "Alcool", "Diesel"], "modificacoes": ""}, "condutor": {"estilo": "Dona Neusa", "ruas": "Cheia de Buracos", "frequencia": "Nunca", "estado": "RJ", "cidade": "Sorocaba"}, "count": 19, "avgEfficiency": {"gasolina": 11.7, "alcool": 11.1}},
{"veiculo": {"marca": "Renault", "modelo": "Kwid", "ano": 2021, "quilometragem": 18255, "combustiveisAceitos": ["Gasolina", "Diesel"], "modificacoes": ""}, "condutor": {"estilo": "Figurante", "ruas": "Cheia de Buracos", "frequencia": "media", "estado": "RJ", "cidade": "Sorocaba"}, "count": 44, "avgEfficiency": {"gasolina": 12.5, "alcool": 10.6}},
{"veiculo": {"marca": "Renault", "modelo": "Duster", "ano": 2021, "quilometragem": 51497, "combustiveisAceitos": ["Alcool", "Diesel"], "modificacoes": ""}, "condutor": {"estilo": "Protagonista", "ruas": "Bem Asfaltadas", "frequencia": "Nunca", "estado": "MG", "cidade": "Sorocaba"}, "count": 20, "avgEfficiency": {"gasolina": 12.2, "alcool": 11.3}},
{"veiculo": {"marca": "Renault", "modelo": "Duster", "ano": 2021, "quilometragem": 12680, "combustiveisAceitos": ["Diesel", "Alcool"], "modificacoes": ""}, "condutor": {"estilo": "Dona Neusa", "ruas": "Cheia de Buracos", "frequencia": "Nunca", "estado": "PR", "cidade": "Sorocaba"}, "count": 17, "avgEfficiency": {"gasolina": 9.8, "alcool": 8.3}},
{"veiculo": {"marca": "Renault", "modelo": "Logan", "ano": 2021, "quilometragem": 95833, "combustiveisAceitos": ["Diesel", "Gasolina"], "modificacoes": ""}, "condutor": {"estilo": "Figurante", "ruas": "Bem Asfaltadas", "frequencia": "media", "estado": "MG", "cidade": "Sorocaba"}, "count": 34, "avgEfficiency": {"gasolina": 14.2, "alcool": 6.1}},
{"veiculo": {"marca": "Renault", "modelo": "Logan", "ano": 2021, "quilometragem": 65595, "combustiveisAceitos": ["Gasolina"], "modificacoes": ""}, "condutor": {"estilo": "Figurante", "ruas": "Irregulares", "frequencia": "media", "estado": "PR", "cidade": "Sorocaba"}, "count": 52, "avgEfficiency": {"gasolina": 9.9, "alcool": 11.7}},
{"veiculo": {"marca": "Renault", "modelo": "Sandero", "ano": 2021, "quilometragem": 19735, "combustiveisAceitos": ["Alcool", "Diesel", "Gasolina"], "modificacoes": ""}, "condutor": {"estilo": "Protagonista", "ruas": "Bem Asfaltadas", "frequencia": "baixa", "estado": "BA", "cidade": "Sorocaba"}, "count": 38, "avgEfficiency": {"gasolina": 11.2, "alcool": 8.4}},
{"veiculo": {"marca": "Renault", "modelo": "Sandero", "ano": 2021, "quilometragem": 36335, "combustiveisAceitos": ["Diesel", "Gasolina"], "modificacoes": ""}, "condutor": {"estilo": "Figurante", "ruas": "Bem Asfaltadas", "frequencia": "media", "estado": "PR", "cidade": "Sorocaba"}, "count": 64, "avgEfficiency": {"gasolina": 12.0, "alcool": 9.8}}]
